origin_file	origin_sha256	release_sha256	origin_lines	release_lines	origin_symbols	retained_symbols	exact_code_line_retention
anchor_db.py	e018140b31dceab94de602cc8ed473f7824dcb2e5a232651d1bacb51f37f237c	647c7744bdf23c58fdcb7f3fd56d0830a4c4ffbdb02bbfcefe4f4de86b3c5035	2332	2332	106	106	0.999
anchor_memory.py	6189c96ba10a7326c4222a05cd8fd4054fb73b5ce0c347bcc621d3bb6cf4883a	fd827e70cb5c560979269a2a87116b1b4205d8982a90294a937a4583b6ad1608	1089	1173	33	33	0.969
anchor_sse.py	9acfbbb28bbdccd41c985e037efb45dcc26eaba69f81a518871c3464536182b8	5c8db3c40392954220b3f115faa8faf52738f6d72aa77dde5533ea82749219ff	2214	2228	89	89	0.986
belief.py	25236a2a91c43ba06f9041a439a00e74ed74384fd82cb044db06deb32babd5ff	f405f615f34d20a7ceeed0b08a467b39bdb3b1d55d4c8fda47e817ad8bd7c228	269	278	16	16	0.987
belief_graph.py	acba5dfc0876bb77d9a85d94cc65e55f37aeb71d93aa16475038ee568ef76bc2	bd8863d093d17c451665da7307f8641810c3b132782e7f4196f56c31f37157f0	347	347	13	13	0.997
build_voyage_chroma.py	dec807f5081dd83284388da013a21171e1ac73070cb8ed342c83ff3d42530f4f	5907ac7705fdaada2f529c5f165b45f4bcba481f88ad22a5af1f9b5b92cfe304	195	196	7	7	0.960
cluster_raw.py	7e08d7723150cea11d5c58ad2d15f1859909104e2e987e49c6679781c42d13f3	9a85b8f13795948ede2fe5729b5f4c444f2a07ce1eabac2760f28f2c2cd241b5	774	777	33	33	0.993
cold_store.py	0cf416c8307386a47d193ffd0e4485f0ffab29bee9bfcfc22f1360f8a8431156	3605ee5bcb4af6fae70ea95871e1f456324c7216819bb49edf2cda8a80ded00f	524	527	18	18	0.987
context_compress.py	66e31c666a404fa41665996aacec548ccbd9af2e7b6bb4a399eee75f93717b5b	6a3b0fe287da3881ae9693143a1da877c47054f3cb57c55913b04dcf19b1295a	375	375	12	12	0.981
daily_dashboard.py	79e94831333bd494a98c8ff303fb4c54502f008297fe143e4bf02e33faaa3631	e952fae5f323b5a31b856b8b6cfb8661c6d1252dd84b1c4f3766913b08286268	1680	1678	53	53	0.981
dual_edge.py	17f71d9a7f8604c1f53c875e27bcd28a2ae5484050069be66ba98962620872c9	99076b83409cd246bd03e98d83106f94397aaec4ecfb4c14d938ff51e00d7fbd	416	416	17	17	0.995
gateway.py	a1addf61eb214a0c041d1660b80e0244e481033113f6d4f1f14719110cc20d22	9c131c23483e021461f34fd86ddd74e7604276f49bb909acbfe6f1e3435d68bf	4112	4080	140	138	0.977
integrate_v2.py	922d0bbcfc3508fafabb89bf5394151034a935fa97d7881072d2bd0b364aae52	3103dbbabd79cdbce9124260b0ac4e7a6b6dde97749ebbfcefcc19f36005bb33	211	219	4	4	0.990
maintenance.py	ad8dc77293c73bba680262f6fa77a3d9e7f564b975903036f9cea4d7ddac8b73	4501339d9999ade7c88e55414d313cf9fe2cb2bb4af86ca4b10da9691fb13ccb	382	383	9	9	0.985
model_routes.py	1cee012f6aa764fe1865b4da7e0bfc554074d6d03b9b7b0bf7e6ff2dc236d16b	3f3d2d7a5ff0a5a628c7f9d5c4d0eb08266aecb6604a2e02ad54a5ad2dcb1704	43	48	5	5	0.973
propose_links.py	a9399d050988b122cacf5c02b4a4122258592231cf9c476a52f227256124c165	bcbf87afbd473be324d713c108ec109e915cd936008ef7e07eac520232b2b222	309	384	20	20	0.935
recall_trace.py	95511bc0b298b0d602f60d20dd1422466e2de821c5f9660b4319ef02ed9c042a	3b9d7ce792eaaddef18161714959982c07c5eba2eefd314e2ede0e7b996e625f	159	159	10	10	0.954
recall_v2.py	4889467675ebc4afaf515c0a80fdabbc27ed1b4c4c896cc19d9d5356ac99276d	bbb898ee43e03b8efb9b64a79caecd271b317736afb10f24dcbf081fade0b9c6	447	449	16	16	0.995
reflex_router.py	365723ad0eb97b790ce80d1a310ed49c5232f0eb2d103f6a2f3825bff5a3afe0	4b904e42ce8d2b82025cd54d7d768e7759e2dce4fa153d3efad8b82c4d319a51	122	122	6	6	0.979
reflex_router_v2.py	cbda43fdd33cdbce66e6d72a3f4c21908e4a1d04cfa3cc69ea79bbe64f2541d2	ea52c312e2a2b2cc47e702b17069e2187326933cb5d1b03df8e9104cbefe3362	752	752	23	23	0.997
reflex_router_v2_runtime.py	897e5e2c3675ed73dca08f7106084497da3e3628505452e1c5e98610a95cad4d	2027948e09f8339edd589f20512be325eb787982fd26c1b22f6248ce69bc1b4c	202	201	10	10	1.000
run_dream_pass.py	a35032080f39642479ede4bfe3ac23bef24cdcdf3dd77933b6163f3caccbe76c	ceb996a356e311ec79adcc16e7adcacc480abb74aa09a9fb35e36c85609632dd	21	26	1	1	0.941
shadow_backfill.py	9a41bd668c8fa4d8695f182e8a138fe21581937823ce1b8ec4daf82c1a1a0899	fffee835518d17610c59b6524ae246d84ebdb46a870283909f8a3e4bb1326aac	190	191	5	5	0.970
shadow_index.py	0c528ac216e0913c4a31a18a7f112e7bc3b15d287807a26ea2721d09354b8491	077b408cde24e75e2977a5c26f7196afdf86e9707faa8951aa67a2ddecc4721c	383	383	18	18	0.991
taxonomy_tagger.py	6af4caeefb89a54a1be61e5c3f091ee87defe20b8830cb426b64f196ccf61470	ee6eb921395780f2f85203dfe9542e6e66dc082f38c4c274895b08555169b22e	204	210	7	7	0.944
theseus_shadow_backfill.py	a79c3849d97dc9b9de20ce8428a4ae5ddc01c745ebd0f0eb4eace2208ae967fd	34fd6f84657c7349bd4a6364db8bea5535ecdf0ac3b55cb19d269324cff34e5c	308	310	12	12	0.989
theseus_shadow_index.py	f92ee9ef8ff4871cf76d57c352ca1a80310b15391a9fda65ca37b461655bd794	f92ee9ef8ff4871cf76d57c352ca1a80310b15391a9fda65ca37b461655bd794	622	622	27	27	1.000
time_utils.py	9121752004360e15ebf9eca81de110f777c35a1a69632558e6892e45460f9833	d5c2b564c0bb325870fc51ef3699fb9d5d7d8d7cde20393c6b6c1da81acf50a8	62	61	6	6	1.000
update_review.py	20e64716f4b6f1eb3bf3479656c51ff22ac1c9f64ab74163d8e32544b1c0e2c6	6b93742d28740c36af2ebc46ce241d702fcc9e1b79285b8cdbbae5a0b0b8c130	760	764	30	30	0.985
voyage_backfill.py	7fffaf7e579846b7a5bc47d7137e2d55c5e6180deac3ab8ab0f2dd56154f94e4	66e579a5f6336db7467f8335853d38f11f79d831637b3889499fecfe76cc2ce9	309	311	14	14	0.970
